instance,language
social.tchncs.de,en
social.tchncs.de,de
animalliberation.social,en
hostux.social,en
hostux.social,fr
hostux.social,it
hostux.social,es
aleph.land,en
aleph.land,eo
aleph.land,fr
oc.todon.fr,en
oc.todon.fr,fr
mastodon.tetaneutral.net,fr
mastodon.cc,en
im-in.space,en
im-in.space,fr
im-in.space,es
social.taker.fr,fr
social.etc-services.de,en
social.etc-services.de,de
mastodon.zaclys.com,fr
mastodon.me.uk,en
freeradical.zone,en
mastodon.fun,en
mastodon.fun,fr
shelter.moe,en
shelter.moe,fr
masto.pt,en
masto.pt,pt
mst3k.interlinked.me,en
mst3k.interlinked.me,fr
toot.berlin,en
toot.berlin,de
oldbytes.space,en
oldbytes.space,fr
toot.aquilenet.fr,fr
mastodon.sandwich.net,en
mastodon.pirateparty.be,nl
mastodon.pirateparty.be,en
mastodon.pirateparty.be,fr
bne.social,en
mastodon.org.uk,en
tooot.im,he
mstdn.maud.io,ja
x0r.be,en
x0r.be,de
x0r.be,hu
mstdn.jp,ja
mastodon.nzoss.nz,en
mastodon.nu,da
mastodon.nu,en
mastodon.nu,fi
mastodon.nu,is
mastodon.nu,no
mastodon.nu,nn
mastodon.nu,sv
mastodon.scot,en
mastodon.scot,gd
bonn.social,de
computerfairi.es,en
mastodon.berlin,de
g0v.social,zh
g0v.social,en
pao.moe,ja
mastodon.motcha.tech,ja
tenforward.social,en
mastodon.art,da
mastodon.art,nl
mastodon.art,en
mastodon.art,fr
mastodon.art,de
mastodon.art,ja
mastodon.art,sv
imastodon.net,ja
skj.ca,en
kinky.business,en
insoumis.social,fr
ifrit.gaia.ff14-mstdn.xyz,ja
mstdn.plus,en
mastodont.cat,ca
mastodont.cat,en
mastodont.cat,es
otogamer.me,ja
eletusk.club,ja
toot.works,en
mastodon.mnetwork.co.kr,ko
dtp-mstdn.jp,ja
fanfare.horse,ja
mstdn.mx,es
linuxrocks.online,en
august-don.site,ja
mastodon.uy,en
mastodon.uy,pt
mastodon.uy,es
precure.ml,ja
mastodon.nl,nl
mastodon.nl,en
lgbt.io,en
mstdn-bike.net,ja
kurage.cc,ja
mathstodon.xyz,en
mastodon.social,en
mastodos.com,ja
todon.nl,ca
todon.nl,nl
todon.nl,en
todon.nl,fr
todon.nl,de
todon.nl,pt
todon.nl,es
todon.nl,fy
elekk.xyz,en
toot.blue,ja
equestria.social,en
equestria.social,fr
mastodon.kebree.fr,en
mastodon.kebree.fr,fr
mstdn.wildtree.jp,ja
ieji.de,nl
ieji.de,en
ieji.de,de
gingadon.com,ja
mastodon.acc.sunet.se,da
mastodon.acc.sunet.se,en
mastodon.acc.sunet.se,fo
mastodon.acc.sunet.se,is
mastodon.acc.sunet.se,se
mastodon.acc.sunet.se,no
mastodon.acc.sunet.se,nn
mastodon.acc.sunet.se,sv
coales.co,en
acg.mn,zh
acg.mn,en
acg.mn,ja
nagoyadon.jp,ja
mstdn.mini4wd-engineer.com,ja
rubber.social,en
metalhead.club,en
metalhead.club,de
this.mouse.rocks,en
iwatedon.net,ja
mastodon.com.pl,en
mastodon.com.pl,pl
wug.fun,ja
mstdn.lalafell.org.,ja
esperanto.masto.host,eo
toot.si,sl
pokemon.mastportal.info,ja
qdon.space,en
qdon.space,eo
qdon.space,ja
qdon.space,ko
bangdream.space,zh
muenster.im,de
scicomm.xyz,en
md.xps2.net,ja
mastodon.gamedev.place,en
tech.lgbt,en
planet.moe,ko
hispagatos.space,en
hispagatos.space,es
wxw.moe,zh
wxw.moe,en
wxw.moe,ja
toot.kif.rocks,en
toot.kif.rocks,de
social.chinwag.org,en
ruhr.social,en
ruhr.social,de
mamut.social,en
mamut.social,es
gamemaking.social,en
mastodon.desord.re,en
mastodon.desord.re,fr
pouet.chapril.org,fr
rettiwtkcuf.social,en
balkan.fedive.rs,bs
balkan.fedive.rs,hr
balkan.fedive.rs,mk
balkan.fedive.rs,sr
balkan.fedive.rs,sh
balkan.fedive.rs,sl
layer8.space,en
layer8.space,de
donphan.social,en
djs.social,en
djs.social,fr
glaceon.social,en
vis.social,en
claris.cf,ja
ukadon.shillest.net,ja
mastodon.mg,fr
mastodon.mg,mg
social.politicaconciencia.org,es
imastodon.org,zh
imastodon.org,en
imastodon.org,ja
yukari.cafe,ja
pouet.space,fr
101010.pl,pl
kinkyelephant.com,en
pony.social,en
social.bau-ha.us,en
social.bau-ha.us,de
kpop.social,en
kpop.social,ko
kpop.social,pt
linernotes.club,en
gulp.cafe,en
mastodon.bida.im,it
mastodontti.fi,fi
plush.city,en
whitespashe.uk,en
social.outsourcedmath.com,en
tilde.zone,en
colorid.es,pt
ausglam.space,en
travel-friends.chat,en
travel-friends.chat,de
uwu.social,en
social.linux.pizza,da
social.linux.pizza,nl
social.linux.pizza,en
social.linux.pizza,fo
social.linux.pizza,fi
social.linux.pizza,fr
social.linux.pizza,de
social.linux.pizza,hi
social.linux.pizza,lb
social.linux.pizza,no
social.linux.pizza,nn
social.linux.pizza,pa
social.linux.pizza,sv
socel.net,en
mstdn.love,ja
en.osm.town,en
tooting.ch,en
tooting.ch,fr
qoto.org,en
social.anoxinon.de,en
social.anoxinon.de,de
plock.social,en
girlcock.club,en
girlcock.club,fr
social.slat.org,zh
social.slat.org,en
mastodon.zergy.net,fr
abdl.link,en
norden.social,en
norden.social,de
liberdon.com,en
kopiti.am,zh
kopiti.am,en
kopiti.am,ms
kopiti.am,ta
phpc.social,en
krefeld.life,de
pgh.social,en
deadinsi.de,en
aus.social,en
pcgamer.social,ja
wp-social.net,de
ruby.social,en
mastodon.nz,en
mastodon.nz,mi
dotgr.id,en
nerdculture.de,en
nerdculture.de,de
bildung.social,de
muenchen.social,de
bigshoulders.city,en
bunt.social,de
troet.cafe,de
dizl.de,en
dizl.de,de
mastodontech.de,en
mastodontech.de,fr
mastodontech.de,de
kcmo.social,en
mstdn.schoolidol.club,ja
pounced-on.me,en
furry.engineer,en
kanoa.de,de
beach.city,en
loma.ml,de
odakyu.app,ja
mstdn.ikebuku.ro,ja
toot.supremesyntax.com,en
is.nota.live,en
toot.wales,en
toot.wales,cy
fikaverse.club,da
fikaverse.club,no
fikaverse.club,nn
fikaverse.club,sv
social.seattle.wa.us,en
nitech.online,en
mastodon.jalgi.eus,eu
mastodon.librelabucm.org,en
mastodon.librelabucm.org,es
libretooth.gr,en
libretooth.gr,el
rivals.space,fr
mastodon.radio,en
fandom.ink,en
mastodon.triggerphra.se,en
efdn.club,en
jorts.horse,en
mastodon.hamburg,en
mastodon.hamburg,de
medievalist.masto.host,en
plustodon.net,ja
mastodon.bayern,de
schleuss.online,en
puppo.space,en
mastodon.opencloud.lu,en
mastodon.opencloud.lu,fr
mastodon.opencloud.lu,it
mastodon.opencloud.lu,lb
toot.whatever.cz,cs
toot.whatever.cz,en
toot.whatever.cz,pl
toot.whatever.cz,sk
dresden.network,de
theres.life,en
theres.life,pt
machteburch.social,de
mastodon.cipherbliss.com,en
mastodon.cipherbliss.com,fr
toot.sh,en
thicc.horse,en
toot.shoes,en
gochisou.photo,ja
mstdn.plusminus.io,ja
lor.sh,en
lor.sh,ru
qaf.men,ab
qaf.men,aa
qaf.men,af
qaf.men,ak
qaf.men,sq
qaf.men,am
qaf.men,ar
qaf.men,an
qaf.men,hy
qaf.men,as
qaf.men,av
qaf.men,ay
qaf.men,az
qaf.men,bm
qaf.men,ba
qaf.men,eu
qaf.men,be
qaf.men,bn
qaf.men,bh
qaf.men,bi
qaf.men,bs
qaf.men,br
qaf.men,bg
qaf.men,my
qaf.men,km
qaf.men,ca
qaf.men,ch
qaf.men,ce
qaf.men,ny
qaf.men,zh
qaf.men,cv
qaf.men,kw
qaf.men,co
qaf.men,cr
qaf.men,hr
qaf.men,cs
qaf.men,da
qaf.men,dv
qaf.men,nl
qaf.men,dz
qaf.men,en
qaf.men,eo
qaf.men,et
qaf.men,ee
qaf.men,fo
qaf.men,fj
qaf.men,fi
qaf.men,fr
qaf.men,gl
qaf.men,lg
qaf.men,ka
qaf.men,de
qaf.men,el
qaf.men,kl
qaf.men,gn
qaf.men,gu
qaf.men,ht
qaf.men,ha
qaf.men,he
qaf.men,hz
qaf.men,hi
qaf.men,ho
qaf.men,hu
qaf.men,is
qaf.men,io
qaf.men,ig
qaf.men,id
qaf.men,ia
qaf.men,ie
qaf.men,iu
qaf.men,ik
qaf.men,ga
qaf.men,it
qaf.men,ja
qaf.men,jv
qaf.men,kn
qaf.men,kr
qaf.men,ks
qaf.men,kk
qaf.men,ki
qaf.men,ky
qaf.men,rn
qaf.men,kv
qaf.men,kg
qaf.men,ko
qaf.men,kj
qaf.men,ku
qaf.men,lo
qaf.men,la
qaf.men,lv
qaf.men,li
qaf.men,ln
qaf.men,lt
qaf.men,lb
qaf.men,mk
qaf.men,mg
qaf.men,ms
qaf.men,ml
qaf.men,mt
qaf.men,gv
qaf.men,mi
qaf.men,mr
qaf.men,mh
qaf.men,mo
qaf.men,mn
qaf.men,na
qaf.men,nv
qaf.men,ng
qaf.men,ne
qaf.men,nd
qaf.men,se
qaf.men,no
qaf.men,nn
qaf.men,oc
qaf.men,oj
qaf.men,cu
qaf.men,or
qaf.men,om
qaf.men,os
qaf.men,pi
qaf.men,pa
qaf.men,ps
qaf.men,fa
qaf.men,ff
qaf.men,pl
qaf.men,pt
qaf.men,qu
qaf.men,rm
qaf.men,ro
qaf.men,ru
qaf.men,rw
qaf.men,sm
qaf.men,sg
qaf.men,sa
qaf.men,sc
qaf.men,gd
qaf.men,sr
qaf.men,sh
qaf.men,sn
qaf.men,ii
qaf.men,sd
qaf.men,si
qaf.men,sk
qaf.men,sl
qaf.men,so
qaf.men,nr
qaf.men,st
qaf.men,es
qaf.men,su
qaf.men,sw
qaf.men,ss
qaf.men,sv
qaf.men,tl
qaf.men,ty
qaf.men,tg
qaf.men,ta
qaf.men,tt
qaf.men,te
qaf.men,th
qaf.men,bo
qaf.men,ti
qaf.men,to
qaf.men,ts
qaf.men,tn
qaf.men,tr
qaf.men,tk
qaf.men,tw
qaf.men,uk
qaf.men,ur
qaf.men,ug
qaf.men,uz
qaf.men,ve
qaf.men,vi
qaf.men,vo
qaf.men,wa
qaf.men,cy
qaf.men,fy
qaf.men,wo
qaf.men,xh
qaf.men,yi
qaf.men,yo
qaf.men,za
qaf.men,zu
mas.to,en
www.librepunk.club,en
literatur.social,de
snabelen.no,no
snabelen.no,nn
best-friends.chat,ja
openbiblio.social,de
mstdn.myifn.de,en
mstdn.myifn.de,de
mograph.social,en
glasgow.social,en
mstdn.at,en
mstdn.at,de
pokemon.men,zh
ma.fono.jp,ja
social.thisisjoes.site,en
mastodon.cisti.org,it
ifwo.eu,de
1234.as,km
1234.as,zh
1234.as,en
1234.as,tl
1234.as,th
1234.as,vi
wandzeitung.xyz,de
rollenspiel.social,de
indieweb.social,en
barcamp.social,de
pone.social,en
m.cmx.im,zh
bologna.one,en
bologna.one,it
bologna.one,es
ioc.exchange,en
ioc.exchange,de
ani.work,en
ani.work,ja
ani.work,ko
mastodon.ethibox.fr,fr
digitalcourage.social,en
digitalcourage.social,de
niedersachsen.social,de
sfba.social,en
mainburg.hallertau.social,en
mainburg.hallertau.social,de
mastodon.uno,it
xarxa.cloud,ca
xarxa.cloud,es
social.tulsa.ok.us,en
ursal.zone,pt
social.diva.exchange,en
social.diva.exchange,de
voi.social,en
voi.social,de
stereodon.social,en
stereodon.social,it
coolmathgam.es,en
noc.social,en
unipar.online,pt
alive.bar,zh
mastodon.la,es
utopia.cool,zh
lejaua6.club,zh
todon.eu,ca
todon.eu,nl
todon.eu,en
todon.eu,fr
todon.eu,de
todon.eu,pt
todon.eu,es
todon.eu,fy
hyan.ink,zh
hub.mtf.party,zh
hub.mtf.party,en
social.wieser-hv.de,en
social.wieser-hv.de,de
kolektiva.social,en
social.finkhaeuser.de,en
social.finkhaeuser.de,de
social.finkhaeuser.de,it
social.finkhaeuser.de,pt
social.finkhaeuser.de,ro
social.finkhaeuser.de,es
fulda.social,en
fulda.social,de
eattherich.club,en
social.bim.land,fr
osna.social,en
osna.social,de
9kb.me,zh
thefire.work,zh
nerd.town,en
unbound.social,en
nuernberg.social,de
nrw.social,de
moresci.sale,zh
moresci.sale,en
c.im,en
ludosphere.fr,fr
graz.social,en
graz.social,de
tooter.social,en
tooter.social,fr
social.cologne,en
social.cologne,de
toot.portes-imaginaire.org,fr
mastodon.1984.cz,cs
mastodon.1984.cz,sk
onlyfeds.cc,en
jako.social,en
jako.social,fi
subversive.zone,de
mastodon.acerbo.me,en
mastodon.acerbo.me,fr
mastodon.acerbo.me,it
roleplayers.bub.org,en
antisocial.science,zh
antisocial.science,en
cathode.church,en
mastodon.world,nl
mastodon.world,en
gs.leftic.club,en
gs.leftic.club,fr
mas.atmx.ca,fr
stereophonic.space,en
mastouille.fr,fr
wien.rocks,en
wien.rocks,de
social.sp-codes.de,en
social.sp-codes.de,de
hessen.social,en
hessen.social,de
unperson.us,en
pagan.plus,en
dragonscave.space,en
bdx.town,fr
freiburg.social,de
mastodon.bachgau.social,de
feuerwehr.social,de
mast.dragon-fly.club,zh
mast.dragon-fly.club,en
mastodon.habets.dev,nl
mastodon.habets.dev,en
mastodon.habets.dev,fr
mastodon.habets.dev,de
mastodon.habets.dev,es
social.fbxl.net,en
mstdn.moe,zh
mastodon.im.sb,zh
mastodon.im.sb,en
kazv.moe,zh
kazv.moe,en
sneakerwave.net,zh
sneakerwave.net,en
sneakerwave.net,ja
sneakerwave.net,ko
social.goonj.xyz,en
dis-le.de,de
biplus.date,zh
yip.gay,en
yip.gay,de
social.main-angler.de,en
social.main-angler.de,de
froth.zone,en
vrparty.social,en
social.rights.ninja,en
fearness.org,en
oslo.town,en
oslo.town,no
oslo.town,nn
radiosocial.de,en
radiosocial.de,de
social.datalabour.com,zh
kfem.cat,an
kfem.cat,eu
kfem.cat,ca
kfem.cat,gl
kfem.cat,es
rheinland.social,de
puntarella.party,it
el5.net,zh
mindly.social,en
links.potsda.mn,de
clube.social,en
clube.social,pt
catcatnya.com,en
catcatnya.com,de
fairy.id,zh
river.group.lt,en
river.group.lt,lt
chilemasto.casa,es
mastodon.chasalin.nl,nl
mastodon.chasalin.nl,en
meinungsschubla.de,de
gesichtsbu.ch,de
mstdn.ca,en
mstdn.ca,fr
eientei.org,en
mastodon.darkou.fr,fr
mirwarso.de,en
mirwarso.de,de
rheinneckar.social,de
fnordon.de,de
tabletop.vip,en
peoplemaking.games,en
sueden.social,en
sueden.social,de
tkz.one,an
tkz.one,ca
tkz.one,en
tkz.one,gl
tkz.one,es
mastodon.com.tr,tr
tyrol.social,en
tyrol.social,de
tyrol.social,it
wireless-iot.social,en
wireless-iot.social,de
lile.cl,es
h4.io,fr
orwell.fun,en
orwell.fun,eo
orwell.fun,it
focal.social,en
kafeneio.social,en
kafeneio.social,el
savageworlds.social,en
k8s.social,en
bolha.us,en
bolha.us,pt
social.dog-s.global,en
social.dog-s.global,de
campdarling.com,en
mastodon.offerman.com,nl
mastodon.offerman.com,en
mastodon.pub.solar,en
mastodon.pub.solar,de
pfadi.social,de
conversafiada.net,pt
eupolicy.social,en
eupolicy.social,fr
eupolicy.social,de
cheeseburger.social,en
breeze.town,en
schach.social,de
a11y.social,en
techforgood.social,en
techforgood.social,fr
pixelfed.automat.click,en
tea.codes,zh
gladtech.social,en
blobfox.coffee,en
benehomini.social,en
ailbhean.co-shaoghal.net,gd
toot.funami.tech,ko
dariox.club,en
hifish.social,en
hifish.social,de
tum.social,nl
tum.social,en
tum.social,de
occm.cc,ko
libori.social,de
berlin.social,en
berlin.social,de
brandenburg.social,en
brandenburg.social,de
social.veraciousnetwork.com,en
mastodon.saarland,en
mastodon.saarland,de
augsburg.social,de
flipping.rocks,en
inaccessible.ac,en
sakurajima.moe,en
assemblag.es,en
sciences.social,en
cityofchicago.live,en
cityofchicago.live,es
techeasy.org,zh
tukkers.online,nl
mastodon.mfbfreaks.nl,nl
mastodon.mfbfreaks.nl,en
retro.pizza,en
social.sciences.re,en
social.sciences.re,fr
cyberfurz.social,en
lustigetiernamenbubble.de,de
nwb.social,nl
lehrerzimmer.social,de
corteximplant.com,en
drk.network,de
mastodon.no2nd.earth,de
social.khajiit.de,en
social.khajiit.de,de
s.ourneu.space,zh
indiepocalypse.social,en
blueplanet.social,en
blueplanet.social,de
deppenkessel.de,de
thegem.city,en
mendeddrum.org,nl
mendeddrum.org,en
mendeddrum.org,de
raccoon.place,en
unstraight.club,en
ploen.social,en
ploen.social,de
verkehrswende.social,de
piaille.fr,en
piaille.fr,fr
piaille.fr,es
nangang.travnewmatic.com,en
emeraldsocial.org,en
emeraldsocial.org,de
rail.chat,en
col.social,es
cztwitter.cz,cs
postpandemicparty.org,en
v2br.social,en
pfalz.social,de
floe.earth,en
floe.earth,de
mastodonapp.uk,ab
mastodonapp.uk,aa
mastodonapp.uk,af
mastodonapp.uk,ak
mastodonapp.uk,sq
mastodonapp.uk,am
mastodonapp.uk,ar
mastodonapp.uk,an
mastodonapp.uk,hy
mastodonapp.uk,as
mastodonapp.uk,av
mastodonapp.uk,ay
mastodonapp.uk,az
mastodonapp.uk,bm
mastodonapp.uk,ba
mastodonapp.uk,eu
mastodonapp.uk,be
mastodonapp.uk,bn
mastodonapp.uk,bh
mastodonapp.uk,bi
mastodonapp.uk,bs
mastodonapp.uk,br
mastodonapp.uk,bg
mastodonapp.uk,my
mastodonapp.uk,km
mastodonapp.uk,ca
mastodonapp.uk,ch
mastodonapp.uk,ce
mastodonapp.uk,ny
mastodonapp.uk,zh
mastodonapp.uk,cv
mastodonapp.uk,kw
mastodonapp.uk,co
mastodonapp.uk,cr
mastodonapp.uk,hr
mastodonapp.uk,cs
mastodonapp.uk,da
mastodonapp.uk,dv
mastodonapp.uk,nl
mastodonapp.uk,dz
mastodonapp.uk,en
mastodonapp.uk,eo
mastodonapp.uk,et
mastodonapp.uk,ee
mastodonapp.uk,fo
mastodonapp.uk,fj
mastodonapp.uk,fi
mastodonapp.uk,fr
mastodonapp.uk,gl
mastodonapp.uk,lg
mastodonapp.uk,ka
mastodonapp.uk,de
mastodonapp.uk,el
mastodonapp.uk,kl
mastodonapp.uk,gn
mastodonapp.uk,gu
mastodonapp.uk,ht
mastodonapp.uk,ha
mastodonapp.uk,he
mastodonapp.uk,hz
mastodonapp.uk,hi
mastodonapp.uk,ho
mastodonapp.uk,hu
mastodonapp.uk,is
mastodonapp.uk,io
mastodonapp.uk,ig
mastodonapp.uk,id
mastodonapp.uk,ia
mastodonapp.uk,ie
mastodonapp.uk,iu
mastodonapp.uk,ik
mastodonapp.uk,ga
mastodonapp.uk,it
mastodonapp.uk,ja
mastodonapp.uk,jv
mastodonapp.uk,kn
mastodonapp.uk,kr
mastodonapp.uk,ks
mastodonapp.uk,kk
mastodonapp.uk,ki
mastodonapp.uk,ky
mastodonapp.uk,rn
mastodonapp.uk,kv
mastodonapp.uk,kg
mastodonapp.uk,ko
mastodonapp.uk,kj
mastodonapp.uk,ku
mastodonapp.uk,lo
mastodonapp.uk,la
mastodonapp.uk,lv
mastodonapp.uk,li
mastodonapp.uk,ln
mastodonapp.uk,lt
mastodonapp.uk,lb
mastodonapp.uk,mk
mastodonapp.uk,mg
mastodonapp.uk,ms
mastodonapp.uk,ml
mastodonapp.uk,mt
mastodonapp.uk,gv
mastodonapp.uk,mi
mastodonapp.uk,mr
mastodonapp.uk,mh
mastodonapp.uk,mo
mastodonapp.uk,mn
mastodonapp.uk,na
mastodonapp.uk,nv
mastodonapp.uk,ng
mastodonapp.uk,ne
mastodonapp.uk,nd
mastodonapp.uk,se
mastodonapp.uk,no
mastodonapp.uk,nn
mastodonapp.uk,oc
mastodonapp.uk,oj
mastodonapp.uk,cu
mastodonapp.uk,or
mastodonapp.uk,om
mastodonapp.uk,os
mastodonapp.uk,pi
mastodonapp.uk,pa
mastodonapp.uk,ps
mastodonapp.uk,fa
mastodonapp.uk,ff
mastodonapp.uk,pl
mastodonapp.uk,pt
mastodonapp.uk,qu
mastodonapp.uk,rm
mastodonapp.uk,ro
mastodonapp.uk,ru
mastodonapp.uk,rw
mastodonapp.uk,sm
mastodonapp.uk,sg
mastodonapp.uk,sa
mastodonapp.uk,sc
mastodonapp.uk,gd
mastodonapp.uk,sr
mastodonapp.uk,sh
mastodonapp.uk,sn
mastodonapp.uk,ii
mastodonapp.uk,sd
mastodonapp.uk,si
mastodonapp.uk,sk
mastodonapp.uk,sl
mastodonapp.uk,so
mastodonapp.uk,nr
mastodonapp.uk,st
mastodonapp.uk,es
mastodonapp.uk,su
mastodonapp.uk,sw
mastodonapp.uk,ss
mastodonapp.uk,sv
mastodonapp.uk,tl
mastodonapp.uk,ty
mastodonapp.uk,tg
mastodonapp.uk,ta
mastodonapp.uk,tt
mastodonapp.uk,te
mastodonapp.uk,th
mastodonapp.uk,bo
mastodonapp.uk,ti
mastodonapp.uk,to
mastodonapp.uk,ts
mastodonapp.uk,tn
mastodonapp.uk,tr
mastodonapp.uk,tk
mastodonapp.uk,tw
mastodonapp.uk,uk
mastodonapp.uk,ur
mastodonapp.uk,ug
mastodonapp.uk,uz
mastodonapp.uk,ve
mastodonapp.uk,vi
mastodonapp.uk,vo
mastodonapp.uk,wa
mastodonapp.uk,cy
mastodonapp.uk,fy
mastodonapp.uk,wo
mastodonapp.uk,xh
mastodonapp.uk,yi
mastodonapp.uk,yo
mastodonapp.uk,za
mastodonapp.uk,zu
pawb.fun,en
talk.stayas.one,de
federate.social,en
universeodon.com,en
mastodon.blackblock.rocks,en
veterinary.education,en
toot.lgbt,en
mastodon.vlaanderen,nl
bardown.space,en
meow.lgbt,en
trivia.to,en
mastodon.education,nl
mastodon.education,en
mastodon-belgium.be,nl
mastodon-belgium.be,en
mastodon-belgium.be,fr
lgbtqia.space,en
zirk.us,en
social.chatty.monster,en
social.horrorhub.club,en
hsnl.social,nl
hsnl.social,en
trans.house,en
mastodon.electric-goat.net,fr
tty0.social,en
mastodon.jtl.vision,cs
lviv.social,en
lviv.social,uk
snaggletooth.life,en
mastodon.fsinf.at,en
mastodon.fsinf.at,de
itdev.social,en
itdev.social,de
itdev.social,pl
kurry.social,ko
denizens.social,en
wp-punks.social,de
bonequest.net,en
mastodon.schle.nz,de
soc.ua-fediland.de,uk
etw.uk,en
netzkms.de,de
fluffy.family,en
witter.cz,cs
kish.social,en
social.vleij.com,nl
social.vleij.com,en
freifunk.social,de
asphodel.rip,en
asphodel.rip,de
mastodon.lawprofs.org,en
algebra.chat,en
algebra.chat,de
mstdn.party,en
agilodon.social,en
scientificnetwork.de,en
furries.club,en
federated.press,en
linguisten.info,de
growers.social,en
tiggi.es,en
the.voiceover.bar,en
mastodon.grin.hu,en
mastodon.grin.hu,hu
cr8r.gg,en
piggo.space,cs
piggo.space,en
mastonederland.nl,nl
mastonederland.nl,en
seo.chat,en
fckmsk.social,en
fckmsk.social,fr
fckmsk.social,de
msps.io,en
mastodon.au,en
cultur.social,en
cultur.social,de
masto.nyc,en
skastodon.com,en
thecanadian.social,en
thecanadian.social,fr
macrofurs.social,en
wetdry.world,en
adtech.land,en
xcloud.zone,en
xcloud.zone,de
hamradio.tel,en
bahn.social,de
social.cativa.net,de
nfld.me,en
weedyverse.de,en
weedyverse.de,de
don.linxx.net,de
worldkey.io,en
know.me.uk,en
costodon.social,ja
union.place,en
social.validpostage.com,en
discuss.systems,en
tchafia.be,nl
tchafia.be,en
tchafia.be,fr
base.lc,en
esq.social,en
mastodon.ie,en
mastodon.ie,ga
social.multiverset.net,da
social.multiverset.net,en
vmst.io,en
social.hardlimit.com,en
social.hardlimit.com,es
frameperfect.space,en
frameperfect.space,de
bytetower.social,en
sunshinecoast.social,en
greennuclear.online,nl
greennuclear.online,en
social.dorf-post.de,en
social.dorf-post.de,de
mastorol.es,es
electroverse.tech,en
electroverse.tech,de
social.badabam.net,en
social.badabam.net,fr
gnulinux.social,en
mastodonczech.cz,cs
social.ferrocarril.net,eu
social.ferrocarril.net,ca
social.ferrocarril.net,gl
social.ferrocarril.net,es
wehavecookies.social,en
wehavecookies.social,de
social.nekover.se,en
frikiverse.zone,es
divas.joburg,af
divas.joburg,en
divas.joburg,nd
divas.joburg,sn
divas.joburg,nr
divas.joburg,ts
divas.joburg,tn
divas.joburg,xh
divas.joburg,zu
tux.social,en
tux.social,de
mstdn.ro,en
mstdn.ro,ro
masto.nu,nl
masto.nu,en
masto.nu,eo
cornerbooth.chat,en
neovibe.app,en
socialpa.ws,en
socialpa.ws,de
socialpa.ws,ru
social.treehouse.systems,en
msdyn365bc.social,en
mastodon.pathconnect.de,de
defcon.social,en
rheinhessen.social,de
datacorner.social,en
musicians.today,en
disabled.social,en
attractive.space,en
attractive.space,fi
recordplug.club,en
bvb.social,de
webperf.social,en
ooe.social,en
ooe.social,de
sakamichi.fun,ja
discuss.smash.today,en
blorbo.social,en
firekitten.social,en
franken.social,de
lingo.lol,en
karlsruhe-social.de,en
karlsruhe-social.de,de
karlsruhe-social.de,es
wiesbaden.social,en
wiesbaden.social,de
blasmusik.social,de
genealysis.social,en
poweredbygay.social,en
jbo.social,de
hed.im,he
epicure.social,en
idic.social,en
urusai.social,en
mcr.wtf,en
convo.casa,en
hacks.fi,en
hacks.fi,fi
academictalk.org,en
social.sineware.ca,en
talamanca.social,ca
mstdn.gsi.li,en
mstdn.gsi.li,de
genomic.social,en
babyfurs.social,en
techhub.social,en
metalverse.social,en
metalverse.social,de
ohnepunktundkomma.org,en
ohnepunktundkomma.org,de
toot.lv,lv
devschile.social,es
snooker.uk.to,en
leftodon.social,he
federatedfandom.net,en
widget.uk,en
vogtland.social,de
undefined.social,en
undefined.social,de
religion.masto.host,en
birdbox.party,en
ecoevo.social,en
waterford.international,en
furry.energy,en
dustbuster.club,en
expressional.social,da
expressional.social,en
expressional.social,no
expressional.social,nn
expressional.social,sv
frontrange.co,en
bookstodon.com,en
5280.city,en
5280.city,es
masto.es,es
borahae.love,en
formu1a.social,en
amphora.social,en
betterconversations.online,en
vermont.masto.host,en
lgbtcz.social,cs
lgbtcz.social,en
lgbtcz.social,sk
startrekshitposting.com,en
weremember.social,en
weremember.social,de
glitch.lgbt,en
me.syslog.eu,cs
me.syslog.eu,en
meowstodon.net,be
meowstodon.net,en
vkl.world,be
shark.community,en
mast.hpc.social,en
leipzig.town,de
wptoots.social,en
kalmar.social,sv
kirche.social,en
kirche.social,de
nycr.social,en
mastodon.furrypaws.cc,en
social.randomserver.org,en
social.randomserver.org,de
csed.social,en
xreality.social,en
cliff.social,en
mtl.rocks,en
mtl.rocks,fr
body.social,en
body.social,fr
body.social,de
body.social,es
mastodon.devua.club,en
mastodon.devua.club,uk
anti-social.online,en
yyc.bike,en
yyc.bike,fr
social.desbasques.com,en
social.desbasques.com,fr
veganism.social,en
veganism.social,de
synapse.cafe,en
transportation.social,en
squawk.social,en
rebel.ar,en
rebel.ar,es
est.social,et
usr.cloud,en
social.undeadnetwork.de,en
social.undeadnetwork.de,de
fedi.skladka.net,cs
fedi.skladka.net,en
fedi.skladka.net,sk
mstdn.dk,da
mstdn.dk,en
cupoftea.social,en
beef.moe,en
mastodon.aguiarvieira.pt,en
mastodon.aguiarvieira.pt,pt
asstodon.social,fr
mastodon.london,en
datboi.network,en
talking.dev,en
batchats.net,en
blahaj.finch.ink,en
mastodon.vapronva.pw,en
mastodon.vapronva.pw,ru
mastodon.hexix.de,de
freespeech.chat,cs
freespeech.chat,en
harz.social,de
datasci.social,en
sardegna.social,it
az.social,en
wxcloud.social,en
raphus.social,en
babka.social,en
babka.social,he
babka.social,yi
catharsis.cafe,fr
nightcord.de,zh
nightcord.de,en
nightcord.de,ja
seda.social,en
seda.social,es
poliversity.it,it
mastodon.ktachibana.party,zh
mastodon.ktachibana.party,en
dan.mastohon.com,en
mastodon-japan.net,ja
imd.social,en
imd.social,de
better.boston,en
retrochat.online,en
cwb.social,pt
s.o2l.ie,en
dads.cool,en
toot.bldrweb.org,en
toot.bldrweb.org,es
frmsn.network,en
mastodon.wien,de
toad.social,en
swiss.social,fr
swiss.social,de
swiss.social,it
swiss.social,rm
opencoaster.net,en
fruef.social,de
indigenousgulf.online,en
masto.yttrx.com,en
norcal.social,en
social.9tail.net,zh
bath.social,en
mistodon.cloud,ja
ceilidh.online,en
ostalb.social,de
bvp.me,en
friendsofdesoto.social,en
mast.lukeog.com,en
mountains.social,en
f.cz,cs
f.cz,en
toot.earth,en
weird.autos,en
mastodon.scop.coop,fr
chillpeep.zone,en
mstdn.esp.nl,nl
mstdn.esp.nl,en
pleroma.bigzu.cc,en
crowsnest.social,en
poliverso.org,it
deacon.social,en
pets.contact,en
pets.contact,de
aethy.com,en
genserver.social,en
lewacki.space,pl
zeroes.ca,en
darkfriend.social,en
squawk.mytransponder.com,en
mastodon.cosmicnation.co,en
livellosegreto.it,it
oliphaunt.social,en
lsbt.me,en
lsbt.me,de
kind.social,en
graphics.social,en
ibe.social,en
opalstack.social,en
brettspiel.space,de
mastodon.tn,ar
mastodon.tn,en
mastodon.tn,fr
wx.social,en
historians.social,en
woof.tech,en
apobangpo.space,en
apobangpo.space,ko
sona.live,ko
mastodon.sg,en
mn.social,en
mustard.blog,ko
bakedbean.xyz,ko
ublog.tech,nl
ublog.tech,en
ublog.tech,fr
ublog.tech,de
nomanssky.social,en
masr.social,ar
masr.social,en
social.thegeneral.chat,en
mstdn.animexx.de,de
social.silicon.moe,en
social.silicon.moe,ko
mastodon.keks.club,en
mastodon.keks.club,de
morph.oksocial.net,en
idea.oksocial.net,en
phenomena.oksocial.net,en
holonet.imperialba.se,en
musee.social,en
musee.social,fr
musee.social,de
mstdn.gamercast.net,en
risk.social,en
blahaj.zone,en
hivemind.plus,en
mastodon.hongkongers.net,zh
wargamers.social,en
nycity.social,en
nycity.social,es
cas.social,en
cas.social,de
theatl.social,en
social.mastodon.my,en
social.mastodon.my,ms
indieauthors.social,en
stade.social,de
gardenstate.social,en
chalk.moe,ko
4bear.com,en
ballhaus.community,da
ballhaus.community,en
oberberg.nrw,de
montereybay.social,en
qwwwq.cat,zh
snailedit.social,en
app.bikers.social,en
social.tsueri.cloud,en
social.tsueri.cloud,fr
social.tsueri.cloud,de
osten.social,en
osten.social,de
westen.social,en
mastoot.fr,fr
billys.mom,en
stamps.town,en
kitsunes.club,en
snowmans.land,en
snowmans.land,de
aitor-sama.es,en
aitor-sama.es,es
motern.media,en
toots.nu,en
toots.nu,sv
drumstodon.net,en
transfur.social,en
okla.social,en
嘟文.com,zh
san-antonio.social,en
kuu.moe,zh
kuu.moe,en
kuu.moe,ja
underwear.social,en
ocw.social,en
dmv.community,en
social.edist.ro,en
social.edist.ro,de
social.edist.ro,ru
social.edist.ro,uk
klog.tw,zh
fed.sbcloud.cc,en
earthstream.social,en
troet.fediverse.at,de
thelounge.network,en
stranger.social,en
mstdn.funil.de,en
mstdn.funil.de,de
mstdn.funil.de,pl
hannover.town,de
fuerth.social,de
ti22.pro,en
social.cu2d.com,en
social.cu2d.com,de
social.cu2d.com,ru
mstdn.games,en
charcha.cc,as
charcha.cc,bn
charcha.cc,bh
charcha.cc,en
charcha.cc,gu
charcha.cc,hi
charcha.cc,kn
charcha.cc,ks
charcha.cc,pa
charcha.cc,sd
charcha.cc,ta
charcha.cc,te
charcha.cc,ur
mstdn.kodein.be,fr
musician.social,en
rukii.net,en
rukii.net,fi
spojnik.works,pl
loforo.com,en
loforo.com,pl
social.sndevs.com,en
greenhill.zone,ab
greenhill.zone,aa
greenhill.zone,af
greenhill.zone,ak
greenhill.zone,sq
greenhill.zone,am
greenhill.zone,ar
greenhill.zone,an
greenhill.zone,hy
greenhill.zone,as
greenhill.zone,av
greenhill.zone,ay
greenhill.zone,az
greenhill.zone,bm
greenhill.zone,ba
greenhill.zone,eu
greenhill.zone,be
greenhill.zone,bn
greenhill.zone,bh
greenhill.zone,bi
greenhill.zone,bs
greenhill.zone,br
greenhill.zone,bg
greenhill.zone,my
greenhill.zone,km
greenhill.zone,ca
greenhill.zone,ch
greenhill.zone,ce
greenhill.zone,ny
greenhill.zone,zh
greenhill.zone,cv
greenhill.zone,kw
greenhill.zone,co
greenhill.zone,cr
greenhill.zone,hr
greenhill.zone,cs
greenhill.zone,da
greenhill.zone,dv
greenhill.zone,nl
greenhill.zone,dz
greenhill.zone,en
greenhill.zone,eo
greenhill.zone,et
greenhill.zone,ee
greenhill.zone,fo
greenhill.zone,fj
greenhill.zone,fi
greenhill.zone,fr
greenhill.zone,gl
greenhill.zone,lg
greenhill.zone,ka
greenhill.zone,de
greenhill.zone,el
greenhill.zone,kl
greenhill.zone,gn
greenhill.zone,gu
greenhill.zone,ht
greenhill.zone,ha
greenhill.zone,he
greenhill.zone,hz
greenhill.zone,hi
greenhill.zone,ho
greenhill.zone,hu
greenhill.zone,is
greenhill.zone,io
greenhill.zone,ig
greenhill.zone,id
greenhill.zone,ia
greenhill.zone,ie
greenhill.zone,iu
greenhill.zone,ik
greenhill.zone,ga
greenhill.zone,it
greenhill.zone,ja
greenhill.zone,jv
greenhill.zone,kn
greenhill.zone,kr
greenhill.zone,ks
greenhill.zone,kk
greenhill.zone,ki
greenhill.zone,ky
greenhill.zone,rn
greenhill.zone,kv
greenhill.zone,kg
greenhill.zone,ko
greenhill.zone,kj
greenhill.zone,ku
greenhill.zone,lo
greenhill.zone,la
greenhill.zone,lv
greenhill.zone,li
greenhill.zone,ln
greenhill.zone,lt
greenhill.zone,lb
greenhill.zone,mk
greenhill.zone,mg
greenhill.zone,ms
greenhill.zone,ml
greenhill.zone,mt
greenhill.zone,gv
greenhill.zone,mi
greenhill.zone,mr
greenhill.zone,mh
greenhill.zone,mo
greenhill.zone,mn
greenhill.zone,na
greenhill.zone,nv
greenhill.zone,ng
greenhill.zone,ne
greenhill.zone,nd
greenhill.zone,se
greenhill.zone,no
greenhill.zone,nn
greenhill.zone,oc
greenhill.zone,oj
greenhill.zone,cu
greenhill.zone,or
greenhill.zone,om
greenhill.zone,os
greenhill.zone,pi
greenhill.zone,pa
greenhill.zone,ps
greenhill.zone,fa
greenhill.zone,ff
greenhill.zone,pl
greenhill.zone,pt
greenhill.zone,qu
greenhill.zone,rm
greenhill.zone,ro
greenhill.zone,ru
greenhill.zone,rw
greenhill.zone,sm
greenhill.zone,sg
greenhill.zone,sa
greenhill.zone,sc
greenhill.zone,gd
greenhill.zone,sr
greenhill.zone,sh
greenhill.zone,sn
greenhill.zone,ii
greenhill.zone,sd
greenhill.zone,si
greenhill.zone,sk
greenhill.zone,sl
greenhill.zone,so
greenhill.zone,nr
greenhill.zone,st
greenhill.zone,es
greenhill.zone,su
greenhill.zone,sw
greenhill.zone,ss
greenhill.zone,sv
greenhill.zone,tl
greenhill.zone,ty
greenhill.zone,tg
greenhill.zone,ta
greenhill.zone,tt
greenhill.zone,te
greenhill.zone,th
greenhill.zone,bo
greenhill.zone,ti
greenhill.zone,to
greenhill.zone,ts
greenhill.zone,tn
greenhill.zone,tr
greenhill.zone,tk
greenhill.zone,tw
greenhill.zone,uk
greenhill.zone,ur
greenhill.zone,ug
greenhill.zone,uz
greenhill.zone,ve
greenhill.zone,vi
greenhill.zone,vo
greenhill.zone,wa
greenhill.zone,cy
greenhill.zone,fy
greenhill.zone,wo
greenhill.zone,xh
greenhill.zone,yi
greenhill.zone,yo
greenhill.zone,za
greenhill.zone,zu
hhsocial.de,en
hhsocial.de,de
social.tcpcat.net,en
exquisite.social,en
famille.social,en
famille.social,fr
thenks.social,de
fountainpen.social,en
mstdn.business,en
fediverse.krohsnest.com,en
mastodon.mesothermal.science,en
mastodon.mesothermal.science,gl
mastodon.mesothermal.science,es
bark.lgbt,en
strangeminds.social,en
persia.social,en
persia.social,fa
gayfr.social,en
gayfr.social,fr
imker.social,de
possum.city,en
perfumefan.jp,ja
muri.network,ko
social.pogo.community,en
triangle.social,en
fpv.social,en
fpv.social,de
apkallu.us,en
moth.social,en
mastodon.pariserstr.de,de
fedi.lamer-ethos.site,en
publicsquare.global,en
ticos.social,es
mastodon.is-a.horse,en
mastodon.pixeloasis.eu,en
mastodon.pixeloasis.eu,de
mastodon.peaceful.social,en
mastodon.peaceful.social,de
internetsladd.se,sv
shrimply.social,en
shrimply.social,es
pogs.cafe,en
devianze.city,en
devianze.city,it
devianze.city,sc
amateurfunk.social,de
m.otter.homes,zh
m.otter.homes,en
crosspage.nl,nl
kzoo.to,en
subdued.social,en
schnauzer.social,en
social.kryta.app,zh
bzh.social,br
bzh.social,fr
backpacklife.social,en
afterspace.rocks,en
afterspace.rocks,de
fosspri.de,en
fosspri.de,de
litrpg.online,en
rope-access-work.com,en
mastodon.raddemo.host,en
gnu.gl,en
tlv.cool,en
tlv.cool,he
tlv.cool,es
library.love,en
o0o.social,zh
o0o.social,en
c7.io,zh
procursus.social,en
toot.fan,en
toot.fan,de
gamepad.club,en
social.pawsitiv.space,en
mastodon.faithtree.social,en
birdbutt.com,en
wpmastodon.es,eu
wpmastodon.es,ca
wpmastodon.es,en
wpmastodon.es,gl
wpmastodon.es,es
games.ngo,en
toot.rhizome.red,fr
page.lgbt,en
fpl.social,en
worldtravel.photos,en
occitanie-decroissance.info,fr
kmy.blue,ja
burningboard.net,en
burningboard.net,de
allthingstech.social,en
m.qqs.tw,zh
m.qqs.tw,en
besties.com,en
meerjungfrauengrotte.de,de
connectop.us,en
scz.social,en
petlover.eu.org,zh
toot.foundation,en
toot.foundation,pt
toot.foundation,es
toot.foundation,sv
inductive.space,nl
inductive.space,en
inductive.space,de
mastodon.bot,en
opensimsocial.com,en
social.dib.de,en
social.dib.de,de
knse.net,ja
queerspirituality.social,en
boldcity.social,en
troetmund.de,en
troetmund.de,de
mastodon.babb.no,en
mastodon.babb.no,no
mastodon.babb.no,nn
mastodon.babb.no,pt
techtoots.com,en
freie-re.de,en
freie-re.de,de
dz.social,fr
pointless.chat,ko
zifengling.com,zh
clockwork.monster,en
wspanialy.eu,pl
orchard.social,en
aipub.social,kw
firetribe.org,en
paravielfalt.zone,en
paravielfalt.zone,de
estrogen.plus,en
umbracocommunity.social,en
social.noleron.com,uk
nebu.social,en
nebu.social,de
dragontavern.social,en
esper.lol,en
craba.cab,en
craba.cab,ru
mastodon.de,de
greengame.dev,bs
greengame.dev,hr
greengame.dev,en
greengame.dev,de
greengame.dev,sr
greengame.dev,sh
greengame.dev,sl
planetearth.social,nl
planetearth.social,en
interledger.social,en
librarysocialism.social,en
librarysocialism.social,es
smilodon.chatslibres.com,fr
retia.delaage.fr,fr
mainspitze.social,de
burnout.cafe,en
burnout.cafe,fr
burnout.cafe,ro
social.mango.vg,en
bibletalk.social,en
neph.social,en
neph.social,de
solarcene.community,en
greifswald.lgbt,de
moris.social,en
moris.social,fr
beamship.mpaq.org,en
fedinerds.social,de
kinkycats.org,en
genealogie.social,de
labyrinth.zone,en
social.coabai.com,en
mastodon.cross-solution.de,de
cysec.social,en
mastodon.galileivr.org,it
social.daleth.cafe,de
mastodon.insa.lol,fr
inne.city,en
inne.city,de
swissodon.ch,de
hub.raf.rs,bs
hub.raf.rs,hr
hub.raf.rs,en
hub.raf.rs,mk
hub.raf.rs,sr
hub.raf.rs,sh
chaotic.fun,en
social.running.cafe,en
mastodon.enitin.xyz,en
mastodon.enitin.xyz,de
katholisch.social,de
oshi.social,en
bayerwald.social,en
bayerwald.social,de
bayerwald.social,it
masto.empresasenegocios.com.br,pt
fly.staropensource.de,de
comunidad.blasterradio.net,es
killer.academy,en
killer.academy,fr
killer.academy,uk
mastodononline.com,en
ma.suldomi.net,de
fedifreu.de,en
fedifreu.de,de
gamerstavern.online,en
gamerstavern.online,it
capivarinha.club,pt
social.potatoenergy.ru,en
social.potatoenergy.ru,ru
fairdinkum.masto.host,en
uoa.social,en
earth.law,en
mastodon.fascinated.cc,en
social.cinnamonpet.com,en
social.cinnamonpet.com,es
karibu.social,en
karibu.social,fr
karibu.social,de
karibu.social,it
karibu.social,ru
karibu.social,sw
